TransactionID,Date,CustomerID,ProductID,Quantity,TotalPrice
ca84133d-6040-46fe-ac9c-67cda38882d5,2024-03-14,2421592e-92fc-49d4-b84f-ab2878482e08,bf717fab-8b10-404d-9925-e69f39966b8b,2,72.53
bd2b3087-ce2a-427b-bc2b-823b9b5a678d,2024-05-29,eae92324-e3a2-4c05-891e-300dd3601648,3cfdf068-8a9c-4205-9cc8-af78ccd88479,6,60.37
a4be2b9f-8270-40e6-a484-9fce989545a0,2024-01-12,8792a8f4-6ba4-4910-99fb-b4899a5ab427,2463c1b7-3357-4931-91f9-fd5286720517,4,72.92
7448c84d-a2ec-4c4a-8766-11380151a875,2024-04-03,bc243cea-a0db-4005-80fd-1ec33fde190b,ef138762-d787-4883-ade2-b5bdad7c18f2,6,40.05
dd4e96dd-eb2c-44be-a67f-f2886f0e0010,2024-02-21,b4c57eb0-28fb-4111-946b-e06d3aa9ad49,839cc558-77e7-4877-9097-fa8ae866e926,1,38.72
ba3f97ea-6027-4222-8dda-0c978ebc8e15,2024-05-27,6f32c8e7-1169-429d-8389-437e7ac97603,65975077-f0e1-453d-9826-ee06a0151902,2,49.19
5df7ac8e-6c97-48a5-bbfe-0e210dd01dfa,2024-05-21,d0673003-d197-4d15-8eab-0d5877a98292,37032a68-56f8-42df-bc3b-79729e11343a,5,36.58
9543e4b7-3a2a-4063-82bd-cd18cab3141e,2024-03-31,21aee2cc-0849-47fe-82ba-aadb75cd458c,eb379c68-bb70-4259-9bc9-918e9eb4a257,4,62.41
e3a03db8-5a6a-40fc-a762-c057098c4dfc,2024-04-05,ace00253-fb2b-4892-aa6c-5c7728430297,3141a6f1-2cec-4794-b8d8-d850e8dfaf96,5,61.92
6cf8f1f7-72fd-41f3-865f-195b04cb660f,2024-04-19,dd543308-1fd8-47f1-b846-4eb361f5a67c,a3f34297-77bb-406a-85f5-fdd20458c86c,1,64.42
fe31a292-aa32-4e14-bfcf-5c8fe6c77f52,2024-06-03,5b402860-8795-4549-88c8-54992a4ef6c0,5751518e-a09f-4799-a40b-89003781f0ef,4,83.88
b5d479b9-dd4f-46e9-b832-42a2fcac6e6d,2024-03-30,8efbd5c0-56d6-4062-bea0-22af91dfffdf,ed0daa6b-a499-4e26-a292-211dadab3ade,3,50.88
459d4225-7a74-4e53-a508-00cb238b9134,2024-03-29,b2778b32-5655-4938-86fc-1bc9350ebaae,cb829312-2643-4b8b-93a4-123bfd2d799d,4,14.68
e8a24e8a-4013-4108-bb53-40dcc88e4072,2024-06-13,d440a9ec-d983-4b6d-950a-cd1bdb7bbe76,b2be28cc-bf8f-415c-9be7-9a76bd7a9a4e,1,19.6
26d69b84-4759-4368-8e13-eb76769a8d9b,2024-01-07,e8607df0-74b7-4385-b045-79fb4e9fa9d4,9969e349-4780-4e2d-9eb8-4b57c66752f7,9,38.76
b9a042e7-a02f-48a3-bee2-547f1d0da2d7,2024-05-11,d5227246-0141-4b12-a756-d369730a2c14,fecd3c7b-cac8-463a-8662-ef4ace354ce0,4,21.43
5f58c8af-792d-4793-9204-8d43c0a0d674,2024-05-09,96cd3072-3b5d-442a-8f42-f6d1afdafe22,48ace322-57e3-408a-95a4-a08b42a3a839,6,80.68
7cd4508b-1824-46a1-ae62-88d7842c5e19,2024-05-08,53d21a55-c7de-46ce-b75f-ef1fe3529453,f7fc88cd-84f0-4229-812f-bc3579cb512f,5,89.76
fb94506d-6f64-4394-9b78-d91362f24e41,2024-03-20,9146775b-1ffd-4fd2-9416-7126a7cd3cc9,2d11161d-fa8d-4a1a-a1bd-7a6a7ec3736a,6,69.78
7da8bc44-43b4-4b9b-b73e-356a7b0c9e9e,2024-04-26,449245b6-fcef-4a14-ad3c-dfdac4bc55b5,c965fb1e-7f29-4d59-81ce-ab91cecca8ac,6,70.9
889a6dcb-713a-4949-a310-902a74a72485,2024-02-20,47e114bc-339c-4631-a2fd-520939e92f3a,c468c6e7-7f20-47a9-8a10-98a411b39f57,6,32.07
1fbfcaea-55f6-4d33-85d2-9dfca84ec032,2024-04-20,bb0cbfce-0284-47f2-bdf0-a3ea7002edc9,73a350e0-0e01-4c1f-ae65-6fc656c2a5c3,8,12.95
81663826-10ae-4399-9e01-bc32a6d758f7,2024-05-02,8a7a5e37-4150-4c0a-885f-104c9d604495,abec17cc-e6a0-4b49-ae77-0e091574bbb1,6,29.13
db8258d1-2275-43b9-bea4-33da5646cca0,2024-03-26,3f542199-3773-451b-86de-e3336dc87805,88576868-1ec3-420a-96ab-cb0b359e1091,2,70.04
867341b3-3777-4820-b355-8a0dbd186695,2024-02-03,afbd077f-6b02-4e60-b52b-3fd89cc8d553,f868a2d1-77cc-4692-b0bd-ae22f57caf86,8,8.97
5ddd0296-c6b5-44a1-bd04-c710c97129b5,2024-04-19,ce090639-fb6b-40cd-bd77-c26111a2ec7c,eab2d3ec-0311-4b7f-bb3c-bacaacf240e9,9,84.9
0d9e2399-21e2-4fd0-b262-a724723071ba,2024-01-17,8237045e-52f5-4811-b003-39447c470073,c7cd5c99-f964-45d4-aff8-ea814b7be7f7,7,40.97
7ff69713-e6ee-4383-91f0-34524ef4e0a1,2024-06-10,1ad1fcb9-13af-4622-8e2c-9c06fc34c3bc,06015068-d1ca-487c-9652-7bdb9033e94a,7,54.75
83ed8c96-4458-4809-a1a0-3ae8849c34cc,2024-04-29,3cbe6886-6ae0-4fa3-85ed-35a8986b3090,3748df9f-a07a-4fae-aad8-557387d8550b,4,41.9
182524e7-5fac-4900-8318-2fdc3e058733,2024-02-09,0a5b9b91-402c-403f-8dcc-5b15833b8ae1,9821bfae-f17c-4d4b-b994-dd9d84d9e30f,5,23.14
ca43f791-3fc9-4de9-a96c-0e6d3a975091,2024-02-06,697db5f0-d3ee-437a-a24f-972f210a784a,35f3aaec-2110-4a29-a78d-315fa619f1af,8,45.44
7d0cf1ee-d030-40b8-9020-4cb6fecbd6b0,2024-03-05,4bfeb18c-5848-4224-8b3b-ef16542d8090,7411d340-f7c1-459e-8b58-5d5f9554a3c1,5,74.98
ca4d3b20-c2cc-4613-a1f6-39e0452ac74b,2024-05-01,f39f6273-a682-47f5-8bb7-43dc945dd62e,203b6441-d84d-4270-b4c3-24ba132a4148,1,90.67
3919660b-01f4-4198-b39f-90154df09330,2024-01-12,a76294c8-5c10-4eb3-a10a-a11d319fe853,7a2a841f-8c76-4c52-b992-760e1f6adb53,6,28.53
ce25e8a4-20e6-415e-aa15-fb41761b2c62,2024-06-10,d26d225d-059d-4778-9f63-6e29eab1ccee,a1600a13-c365-4799-b75a-9422ad6371c0,5,59.58
ca359ae8-6511-43c6-83df-52d4cb063de4,2024-01-03,5eb55d95-84ad-4329-bf69-72844dfc50c6,3552484c-6285-46ca-978b-7573b6d68859,6,48.13
f5af06fd-c520-45dc-937f-89b5209cd0bc,2024-02-26,351c6927-a711-49d8-ab67-3681f0f50c27,bc68aab9-c6c3-4bec-94f5-08c1e5c6264d,9,47.04
fc7319c7-0c15-4c78-b3b2-cef19554d0fb,2024-03-24,c2213376-eef3-41b6-9f50-25321ce4ff36,7b572d8f-971d-45a7-a181-909eee6aa547,9,22.62
cb716600-a8be-4635-a78f-2ed95003f57b,2024-02-07,fb08b757-2395-4f91-ac41-52aee87af35b,360bf64d-0487-42c6-aee7-fca266924a51,9,27.52
a4276842-e006-468b-84b8-7177d6eb4251,2024-03-29,b47dd65f-ff0f-4131-84fb-d7edad0f969d,da785587-a704-43dc-bd75-3719e4b8ae8c,3,13.82
9559eaa4-b8bb-4822-94a3-97f8ad7ab3ac,2024-03-20,40f3c2e1-28d0-4c7d-893f-7e6456183525,87a7226c-db23-4fcb-b004-60fcf521df93,3,81.89
6435cb5b-b57d-4fd6-9907-9be0af36f160,2024-04-15,9beeb499-269f-4a23-b0c5-17efd27728a0,187704c7-7755-455c-86d5-81a3667a65c4,8,71.93
928ae456-3f46-4362-8d8a-276a1f02ba79,2024-01-31,7deecabb-1108-4313-be12-bd6378f2fcac,8529e14c-ea0e-46e6-a8dc-d637d718ac19,7,99.1
82100d3b-945c-47cb-b165-90f0745d2509,2024-04-22,69c87e71-b115-4329-b1ac-534d6df6da99,a8c72791-93dd-4983-ad3c-84aa82a0f09e,5,37.57
20865959-3a86-4bea-988b-ea09127c61ab,2024-05-17,3cc7573d-e759-4d93-8b4c-d18c94900274,b328cdcb-ddc0-4829-961b-d5e5e4d2f95f,9,67.21
c39ec6bb-d0a9-483e-8554-2ffa37cde2cb,2024-02-18,0882c3ed-b763-49bf-b95e-81f631f43635,c928505f-5924-4a79-b242-db93918bd5f5,8,84.49
853ac594-d956-4d85-9a83-fbc55b6e4b91,2024-02-17,ed545e3d-3b35-4eec-8106-9de189aa3dea,5ba0536c-ab8e-4507-8740-789b99d94db3,7,49.41
9fefe6b0-76ee-4354-a7ec-e4addddd8432,2024-06-01,a3635751-230a-4180-a9ef-d792d045f5ab,9aaef454-3754-4610-873b-616c66f732a2,6,13.95
d53bfe9d-9f3e-4e9a-a8ae-8e1f4218ab24,2024-05-16,e4c946ed-d334-4405-9c44-d785d9654fe8,868572c7-5827-4652-a226-df90213fafa0,9,35.81
401c6e1f-a438-4f1a-ae87-663fee08d01f,2024-01-03,d522f57b-e0e1-4e7f-8f1a-537aca9dd8b6,e7c5a846-e7ca-4ec1-b778-ea22ac134997,6,72.06
0dc30078-101d-4f28-ac41-313045bdafbd,2024-04-04,7de5e103-2055-441b-ba64-1d13462ea0cc,e47f01aa-e8b8-4e92-9785-29fb7c545479,7,29.33
e469474f-3b9f-4a6e-b6b6-0c911f5f3308,2024-03-08,03d89223-7f57-4d29-b2cb-812621d6ca3e,976b1399-549c-439c-9994-24ba1f149935,2,83.43
f9c23f19-9da0-41f3-b0b6-45bd8e78578a,2024-02-24,67e741dc-13a1-42ca-9e7a-9f24699541c1,d23388e6-ed40-40aa-b9e4-d64b40f204c6,6,53.43
fc73e962-a1d4-4e5c-b20f-a03528bc7191,2024-05-01,6bee0ad5-591c-4c5f-aa80-fcd00b3183b6,b1823c8e-0a95-401b-8010-ff8dcce558ac,5,47.26
78246007-3340-4eb9-b339-86ef510b7eaa,2024-03-02,d02554f3-c814-48ac-856a-7e49cd05a0c8,d560fa17-711b-4d4f-b654-317cce8397d7,3,7.25
ef69a85b-5a60-4a08-8692-fe1001c7146b,2024-05-09,2fb26307-d81a-409e-8192-98aa15218f3d,0fbd4fc4-197e-4619-b0b3-2071cd7cd435,6,59.35
e86b33d5-f274-4be2-bb4c-0107428156cb,2024-01-20,4eb7e524-4976-42c6-bf6a-9a9b39a46fa7,e5c339e0-e947-4819-974d-b2ed302afed9,9,75.43
814ef8dc-b1cd-4321-a711-0e3ccf7741c1,2024-03-14,a2df9836-c03c-4b85-9930-a38c0cfb4890,3a85eb2e-2d2d-47c7-879e-0ef6670eea97,9,6.02
1964130b-8764-441d-b33d-84bfe8267d86,2024-02-01,25a4a28d-5307-456a-b2cd-b87fc939f0a3,8f5463aa-dcf6-43bd-be5c-3eaf32015104,3,29.49
e629ca4d-ef57-4f58-a1b9-321376a8f134,2024-04-10,e82bb3c0-a4ca-4d4e-a573-4e3ba1f31924,28e64f98-b62a-4670-ac80-fb4e7f94fe0c,2,72.66
28a01eee-4b9a-45ea-9c51-9f46e8b30bf5,2024-01-09,ec980ed7-4411-4e48-b9fe-5122859e8d06,54b5b323-062a-484e-b631-308c9e268821,8,49.53
3639dd51-b626-4c26-aaa0-66bb4d29a62d,2024-02-02,68f4e033-a8bb-4d95-a3bd-36d33e438971,8b73c104-9c82-464c-b0e4-554bd2659553,8,91.3
4241906a-e4fa-476c-837e-f5b32b57aa1c,2024-06-06,c5579c2d-05d9-406b-8c67-06c6b8f6fbe3,039f4a53-0699-40e6-b11b-d7c5bf99ae09,5,27.59
d4719ed8-45d8-4f2c-bb25-33187c449d2f,2024-01-27,2b47c065-8dab-46e9-a5de-33ef2f3035ac,a957b720-d602-4906-a5c0-9307ed9936ef,4,39.9
993698f0-d6e8-4ae1-97f3-5208227bc5ba,2024-03-24,e72dd612-fc07-47bf-84a5-2fabae1804ec,7c8cd478-e040-45c8-ac59-0819dc61a52e,4,92.16
9a829615-a73e-456d-9b8c-a1dfba225f2c,2024-01-20,68254d19-6cc9-4768-84a8-7f5cfaf6f97f,69caba14-754c-455d-8713-983cc319cda8,5,76.65
0b6889e2-2dd0-4536-a0dc-a426eeb19124,2024-04-23,b423aaf0-ccdb-4f03-bb7a-82b94fc077cf,989ade38-7ef2-4fb6-a508-d91f932855eb,5,63.84
f0c9f232-cbe4-4459-a4ea-f2be4585b380,2024-03-05,97239642-9fd8-458f-b4c8-ff9a98428050,05618699-7c00-40e3-b3f0-41091e40a8b5,6,41.03
979ac35b-4598-4969-b278-2a5d0d2b1173,2024-05-16,7ee1eb52-94be-47cf-8add-cc35a9dad323,3f57dbd4-2947-452e-b875-e97d9130fc2a,8,55.0
f6f0cb2b-c0da-43cb-9661-c98cdb27032d,2024-05-09,87ff74f5-3718-4bb2-9e71-b327cd676d10,6b93d71e-a091-49c0-8a08-d3dc7a9a7f97,1,20.12
212222e9-ec4e-4354-a9f0-ad021d6b5955,2024-05-08,fa585eb2-f672-4dc2-a4c8-c57f5fa686cf,a808a982-a436-40d4-aa34-bcb01431c68f,4,44.09
652a992e-64e0-49f7-92fd-cc7c58cdefa4,2024-06-15,24ec8c59-936a-48f4-9c9a-a221d9069870,24366771-3081-48c2-aa32-2192fda51f07,3,37.93
adb1a893-4648-4dc1-988b-a4c3856a4448,2024-05-29,40a98081-9740-4ebc-8902-4ff09b6e8096,db28c484-6590-4c8a-9d6c-1989215071f9,2,20.31
1e7ef17a-06a7-438b-b1b4-3a290c7ade62,2024-02-28,065e0dca-8f39-4eba-a7a5-892869a82c2c,fd7073e3-c652-460d-95e6-5d034d86645c,9,76.99
2327f103-53e1-4fe5-955a-72cbe36a36f9,2024-05-11,077bde42-765a-4bf3-8a40-87272137af13,bd2b217f-86d4-4467-a930-248971ec4881,4,74.29
83291ed6-3f9d-4237-8998-e51e208d43ea,2024-01-25,8f0ad51f-b234-46f3-8b9c-957470e4d562,7a3de9e9-f2e8-413e-a8c4-3d0401002452,4,39.75
daa1f408-17e6-450c-8436-48fe251cb2ec,2024-04-03,140388b9-04a6-4a8a-84a2-195286de0028,38962866-a65d-4c2d-b9ed-74e209de2746,2,54.61
a0e72d91-f02b-4cb0-8c20-1306403b8e8b,2024-05-29,d0b5428f-eb9d-4d12-8f87-6f17bab393d8,935db3c6-31fb-464c-9a39-4e7845290796,6,58.29
15706f44-d95e-4c77-8a98-f82853e1f09d,2024-06-11,2388f04d-d864-4f89-a4e5-2463343a796e,e4607c1c-8116-48e3-a2ca-61a350d6536f,7,7.78
4a66e4dc-3bd2-4276-886c-a27a99b33885,2024-02-13,d731ad40-d586-47f0-a9f6-9e838166c342,c0c1cca4-d1bd-4465-9970-388b17190a34,6,16.63
772a0489-7d38-40d7-9c3c-bb1b8dc98451,2024-04-03,68e7ddf6-43b4-4644-92f3-af2a4be973fd,dcb5f29d-ce53-4a85-b4e9-905818faf626,7,42.58
a13646ef-c972-4c2d-947e-acd80b63bc7f,2024-03-09,ccb35af3-d619-4e1c-bb7d-229e87382e80,7d8581a9-bc26-4a2a-9ec1-f18e5859bd81,8,18.13
fddc5b3b-4a29-41ee-beba-509d424637d7,2024-06-15,970375fd-384f-4baf-8cb9-2b2305cefc2a,66a835f3-9a8d-4652-b0f7-50770bbb442d,2,99.7
10263c42-fe22-4c63-8aa9-d7d52a65c311,2024-01-08,491be90f-db06-430d-b8f4-101f520b6a95,6ac32c18-99a3-4286-8e27-010ed5d3ecd3,4,77.86
2f4870b8-0b19-46df-8267-be98f0813e1a,2024-04-06,ed1c8c2f-5ac9-4992-bda1-7fc0355579e1,24e7725e-035f-4fa3-80db-0642d0caf578,8,71.66
0d8eeab4-b734-4e17-844b-d33d995a42d6,2024-03-20,e3a7fc4a-2054-4010-b513-df648c4af78f,088330fb-f121-4e94-8362-07ae89fb1119,8,54.72
327d2c3c-c171-47bf-b288-5abeab3afa08,2024-02-03,c0631694-2080-48c7-ae04-f8d43f7109bd,e03a5c44-a91f-428f-b697-4476f7b4c4ed,2,86.25
476587a3-51be-442e-bbb6-9176bc72b885,2024-02-20,8a7cfae5-f9d5-4d54-bd0a-9012a4bee217,3d31507a-a9a3-4a1c-9ebc-cd744bdc5a0e,6,91.52
3d6e17bc-d52d-4008-b849-c894b4ad5f27,2024-01-09,0a53e003-1eb9-4815-b305-4c3f00573b5a,94845bdd-de12-465f-8c80-9812a45a3963,4,41.04
a7ca8dd2-f6b2-4cca-a2e5-337d8d08cfd0,2024-06-15,f901101f-b323-4d6d-a613-1c8239d70367,3d9bd873-e33c-44c6-a8ad-1ee984753336,4,14.89
08da482e-337f-4a94-aa0f-ebb946ab9012,2024-05-21,2e68964f-a041-4bce-b875-24d1d2c6fa12,73677c6b-bfd0-4a11-afff-80dc558b1b5c,3,37.31
587b52d2-385e-4b75-adf5-e6f7e8ef3d2f,2024-05-27,6f8ade17-afb0-46d3-bbb7-017d3a0e11ef,ff519334-5b1a-4a79-bae7-a69f21223613,4,41.52
467d3f48-6d0f-4748-8787-0a165fcdf83a,2024-04-06,96cb61a7-6297-48ec-bbc4-d28c7948efb1,1b9235a2-9078-4f60-90bf-19970a164eeb,8,72.71
ca926831-09b1-43fb-94f2-c4b826c15bb5,2024-03-30,90490edb-9eab-44f3-8d50-92c15ee35d92,fd016e4a-aadd-428c-85de-00b6c0098660,3,96.8
e43902cc-9b69-483d-b11e-6960f569ed72,2024-04-21,9b2b3eb8-3d42-4ea7-b6a5-b483c55bf985,51cdac71-350f-4a5c-ad7f-bf062117dc70,5,23.76
88571844-a4ad-489d-b5dc-ee57ce3ee5ab,2024-03-11,0888ef73-d582-429f-af98-749442f48eb4,07d4da49-f6ba-4a37-814c-1d42ab5253ee,4,45.71
a599b95b-43e3-4dac-849a-a27cf6842327,2024-01-23,f04ac73c-33b8-4a6a-a4a3-827e48d49c4e,b501dc80-28a9-421d-93b8-cec568c21ea9,3,51.9
be4f5026-3ec7-4e81-a799-9dfbf617d358,2024-05-24,cb713b51-1086-4b81-992d-44576fe7a8a6,2af444ef-9646-4aaf-8a54-d5924e53cd2c,4,40.18
f77b7479-e5bc-4d5b-97ea-2fa909f85b38,2024-06-14,88ff16f5-abec-4870-a605-9d33289d7153,a80d68f2-2c0d-4a84-b6ee-3a753e18b78e,8,17.9
b6964b3b-a777-4f17-84d2-ea9bca95b8c3,2024-02-08,82ca68eb-77f6-4c78-ad58-0de71677d546,05aa0b35-021e-4686-86f4-d44b5dc017f0,1,29.24
30d65183-d814-4947-b5aa-cb9171436d44,2024-05-26,f057b4ff-7d48-4c6c-b174-d1adba730822,b2daa156-06c3-48db-acb4-728cb890b127,9,8.09
f79576f3-b092-44c7-be6a-24125d77ab29,2024-01-12,3fd5ae91-c183-40c2-9624-c08d1477d673,de7a8db9-fd90-4a60-ac92-aa6ed0f661b3,7,46.85
fd54996b-9ef1-4939-913b-a7d3ba29520a,2024-03-27,d672b2a0-3a68-443c-ad6e-09d4135d0244,8a5e3784-ac94-448a-bf18-1160607455d2,1,47.89
6db0d79f-b0e9-4622-9187-f0965d53c95e,2024-05-21,77732a76-e9b4-4b79-8f4a-43d97c9f45dc,267ff072-746c-470f-8730-1a20fd48492a,5,52.92
0b131214-52bf-4ea3-a19e-4613dd42e2b5,2024-05-13,e8a251ff-f6e8-4cec-8134-8b9799aba1e0,cff757c7-c816-45f0-82f4-ef0e31da605c,9,61.31
ab71084f-da78-43fc-a804-9eac702e26d8,2024-02-09,218b3245-e9e8-4891-bbb7-623400e538c9,b00191bc-592e-4a43-b1c1-555f24754fb9,5,35.75
91b52768-adf8-4b5a-b8ac-d8d7664a1cce,2024-02-12,cd5ff172-caa6-45a5-a45e-1a56e303c6ff,c672760b-7d94-48e8-bffe-0c84d6a9bee3,9,56.36
411e1bd8-ef7d-4568-a502-b09b184ded6f,2024-06-04,ceea6c74-5157-4cf8-87c4-c71b82f5fbba,9368d12d-4f49-483d-806f-af9c2f5a67df,1,17.96
b02c3442-215d-4696-93ee-86e1facab5c1,2024-03-27,45953d8c-e228-4d1f-bccd-4c35db580cc8,92804d24-1633-4eab-a111-260a4e6252e6,3,47.85
d4cb6ce6-2f97-468c-ab1b-46939e9567d9,2024-01-14,8c626ed4-098e-48de-a079-459c56ec524f,d8340b88-a55f-43f1-bcd5-c52065972910,8,41.26
6a48ee62-4fb0-4e90-bbc2-256540acd9be,2024-04-14,67f20c3e-a2fe-4a8c-bf81-ce7dd5ef9c50,39526920-731f-4657-85d1-a25de21fa4ae,6,26.69
82de2e39-b7bd-413a-a019-9e04a432424a,2024-05-06,71c8d113-f830-411b-9af7-d8e0b5f2b65e,5c2e1517-d4fb-433e-b9da-1d7492150ff7,5,97.04
ff80d849-1e76-4579-806b-a5c3111794b9,2024-04-09,e533b6e2-1dc9-47b2-b6ab-85958911ffae,281433bc-6abb-42fe-b9f5-0a5ee3a254e0,5,61.45
8a0cf81f-8a5d-458b-8170-6bf7b3fbacd3,2024-05-01,ce3401a1-93e1-40e0-a5ba-d52915777372,4d8033cf-972a-4905-8433-0032c078366d,7,6.41
8ea63323-8b46-44cc-834d-28791fbfefba,2024-01-13,c83b537a-d515-4641-afb4-bd74d1ac2fbf,c0733744-4a23-4631-9286-ab3fb6d381aa,8,62.52
0ca6a300-8500-4a90-8a9e-796c46eecdb0,2024-04-17,6b51c836-70a2-460f-8cdc-f919ba06664e,67700ec4-94ca-4961-afcc-a07c5c24bd63,4,93.49
95c5a3a2-acbc-4e05-bb55-3f0c2153f56a,2024-03-12,225a6548-2cb0-468b-8578-d7b32d31dbfc,9fa33d67-e2f7-431c-acaf-4da0f20a7469,5,40.85
2b021939-3dda-478f-a649-1db41862cf82,2024-06-14,e14e6660-27a4-486b-9b2c-bbe73788c35c,be427483-3f76-4791-ad42-3db18642c787,5,13.24
8ae38255-0a4c-426d-87f9-5e6973053050,2024-06-01,28f7086f-9fb4-4ccc-bc87-3e29e374dd19,511c05bc-8898-463e-bb89-a3bff524fa7f,2,83.36
8eaa9a39-35c6-422d-a563-5bca435c2d62,2024-02-18,042ff930-7fdf-406e-97dc-7ad98c3e8d50,1271de5b-2eab-4f5c-a00c-e17c6cb5931a,2,80.6
165319e2-ea00-4f4d-ab38-c5bbf4e2b33d,2024-01-30,48c992c8-bcf6-45a8-9597-2b420c4a2261,9b13c8d9-d392-4113-afed-48845744216f,2,58.94
41ccc308-2a6d-4982-8c93-5e72575d7280,2024-03-06,756b4ed7-4a27-4335-b3cc-be1863731aad,9103d901-207d-4f27-97a5-617bd6c6b915,7,49.43
1ea8fb7c-b37b-4136-819d-8fe238f7b9dd,2024-05-30,b9b60ea3-399d-49fa-a601-ed998faf6cbd,b0a7f6ae-a983-4b5d-b9fe-b6df56177fe5,9,52.26
399db7c3-85fb-4ff8-9e1e-c8d38df22608,2024-02-02,3b1bed3d-48d7-48d8-bbde-48bab8b2526e,1466f8cf-ace8-4fa7-b496-467c90df1002,6,14.25
5ca4f506-836a-473e-afef-97d317119d75,2024-04-04,0a15ec5d-0238-49bf-9b8d-4182c4dd9172,b21ab409-ec6c-4361-bcb8-b95b47fae84b,9,78.01
4e66bf6a-fb35-4d23-8ef1-68ab383fa3b1,2024-02-20,48074a43-3a56-4cb9-ba41-843620fd2cfe,e1b18b8d-6de5-4113-96bb-1f1458ecea11,5,47.72
65055e9b-6341-45bc-a40a-9c1da42c215f,2024-04-14,4b8ef081-4939-4cac-b57d-0ad37db00fc4,dedcd93a-b3dc-487f-8129-c1421f09a63a,6,20.03
7266e7fa-8d13-449b-ab97-d14ec0836692,2024-04-10,d48c26aa-ca6f-499c-b18d-c6414640b0e2,3f9b2f36-a032-495e-9757-3175bd43e276,9,19.53
b0ee7a81-9211-4aed-a285-bdb5e49571d6,2024-02-04,62b49d14-8c9b-4e40-9962-aa4108387cc1,f3d58adc-5a6b-47bf-bd2b-05edbea5adfb,8,36.16
b8c3e94e-bd19-4a17-8fca-57955391e27d,2024-05-29,3d33ff6e-0fc4-43ef-9870-5d588e93c583,d99f5d00-8334-44f6-986a-c65ade4d84bc,9,56.91
c6f30e00-6cf0-4b83-b22b-ba49b7fabf4a,2024-05-17,5d85bc2f-9b44-44de-aabb-94ccc3c73335,2fabadd8-0c0b-49d4-91f1-ba538b13a279,9,11.48
652a1384-5c41-4c88-b08a-fa342d4ab93a,2024-05-07,6012b4df-ae8d-4b5d-b9c5-2ce8daa1adef,a50de846-87c5-4ad6-bc6f-a7e95dddb540,6,96.89
618fc81d-684f-4aa3-ae2c-e48544d85c57,2024-06-14,da0a912e-c5af-4fd3-a0eb-2cd1a08939e7,729539cf-fa33-48c1-abdd-e952fd316340,7,23.12
e150f299-f8c8-4d49-a2cb-2049c4ef7a8e,2024-02-17,80eb8124-4b86-41b0-83bc-062c349562ca,697fd680-e7f1-41f0-bc39-5c8711d076be,2,93.55
92073331-fdf9-49a3-bb6e-6fa851de13ad,2024-03-24,3da1c109-4c5b-434f-9b26-ea618059ccbc,b7519463-80d4-4abb-8026-49fe4a251fb6,3,73.58
cfd521f1-0953-42d4-8d87-544598e84551,2024-06-15,a890a74d-e484-467f-a71b-6d198d667d8c,bba8333e-e0d5-4f28-b2b6-ea3631eac5f4,8,38.7
3f5e4177-8e76-4d12-9513-e1e5812a0b48,2024-04-17,f5a48037-5d40-40e5-b367-4d3492423e09,b67ee371-f512-4253-a5af-8831ff4c67b7,8,90.36
7b8d4522-0bd4-41be-8b0f-b828929a6a6a,2024-04-14,ee94db86-05c6-4f4b-9870-98b2f7757c3a,08bb8d72-b22c-498a-a24e-1ca06cdd4dcc,6,5.57
160627a7-0178-4a7a-882d-1bb16dbfda3a,2024-03-07,eca2f1b1-1c9a-4547-b2d6-bea200a6af15,c5a8bd48-b398-4592-ad08-a9d4d4667ab7,4,13.92
d6f31813-2138-4faa-86bd-3de22cf0ad64,2024-05-15,3d92865a-f516-41ba-a068-86ca4cfad442,f4c1c8f6-e99e-4bec-bd90-762a1f0551e8,1,45.62
202e93ad-5021-44a5-a36f-1a821c3e0ba7,2024-04-23,7bfd0222-460b-43ee-82c6-208acf35d2e2,e9649a0f-265f-4f7a-9886-56c8ae755676,2,92.83
43d9eab8-1698-49bf-b3e0-18bc4080f18c,2024-05-31,9f29e5bc-897c-4dc5-b3d8-8aeed369ea7e,063eb841-d1c6-48c7-af77-d6b09087ee22,7,51.67
fa8f79f8-0845-402a-83b8-f4f6c6a474c9,2024-04-16,0aaf7e02-d507-4bdc-a963-73f6a770454d,208e1fad-c6d0-4082-b15a-d1998b8d233e,2,70.64
16aecf0d-cfba-4f4a-9bdb-9b6b3ffebc7c,2024-01-26,d2e89b35-7490-4e90-925d-7d164c658f45,0d529a29-721a-4e08-91b6-7737b15ad1e2,8,72.5
372af884-bc97-4a1d-8378-74f0cdfa6519,2024-02-17,e344f9d5-df80-4c59-9efd-9760f0896171,082df5bc-1e13-4a1d-9225-d6bc79bd81b7,4,93.85
8f38254c-9285-4340-8a17-9a8901b3359c,2024-01-28,5d723d45-27f4-45c8-b263-2ec3099a92f1,ccdf2ba8-5137-4916-94a4-762900c2dbbe,1,23.34
575dccdb-aa97-4e0a-8961-4ab3e2860fa9,2024-05-19,38846cc7-233a-4f63-ac11-a61d78055af3,15170c31-6e43-4e33-90da-8dc891b95507,5,45.78
30d6eeb3-44a9-473b-8e82-9210ee9c4547,2024-05-19,37fc425e-c5b2-42ee-bb41-80a5fd9f7359,6efc9314-8b10-4dbe-a153-dce20d796c91,2,26.84
ac6fb815-b759-4b12-bf60-c4875e9d2011,2024-03-26,b40b4d97-7007-46ed-90aa-d53a7af42a4a,1c903e45-3cca-4f19-94b6-fb379d469b16,4,57.51
0c039eb5-2746-48d1-a8c6-1963d802fe9e,2024-06-09,ab7cbe03-f97a-4fa5-a55b-73ad5de6a241,7fde1180-d016-43ac-9dec-3b787d48a3f2,7,41.01
bbfd8d7d-2c30-42e3-bdb9-43b7228b64e1,2024-02-04,0e0ef665-36c7-4eb3-b6d1-f6cdef084d8f,c22cb505-f222-4b6b-8a3e-dd8d33fd5837,6,67.49
161a58ad-86df-4b97-8023-8662587ba888,2024-02-09,610324f4-a350-4523-95ab-355f7fd67d82,de4e32a2-dd02-4cbd-984f-1b99b5a3acb4,4,88.69
a4749806-b73b-4760-99a5-1f8361cddbf7,2024-01-27,2e1212de-58ca-46d8-a12c-ae09d9bd00f3,85795209-80ff-4c1f-9af6-c5483030e359,3,24.52
d70e5ac9-38bd-4136-8749-f79dfcc2acc3,2024-01-04,32760a97-3584-453e-a465-4a16b379cf31,9f0382ed-36d4-4083-8fbb-fbc2355ac14e,3,73.04
4769140a-80ac-4297-8023-4c097ef0bf71,2024-04-02,0f25ed35-a3bc-4b53-91b9-403d90f6981d,45ad6d19-31a2-4502-b231-7f30f1312d16,8,56.06
9026d6b4-b665-46f4-bb04-3096b1bae747,2024-02-08,cf882afd-c96c-4d4d-b828-6a3caf212ece,1d7d99e1-551e-474c-ba09-2578a83b06b8,5,8.71
51223131-577e-43c6-a993-af1039f6d327,2024-04-20,1df7148b-0083-49ea-b765-6f600383b80c,ab8d9f87-105f-4bb3-92be-f3aa99bccb3b,8,40.84
b80462f7-2877-4c44-8385-bb1baa016ea3,2024-03-19,a3496bed-5dcb-439e-9b10-9ecc1b33fa99,e0b8aa6c-705c-4ed5-b252-7067f8b23328,7,47.0
5f244250-cce9-403d-8e69-028df0697525,2024-03-13,440f21ee-e525-4dec-9445-a80fc283ec56,627cd08f-9e90-4014-8da2-859e4e5d274b,8,74.4
eea569c3-ac15-4254-a82c-c7ff61bf5e8b,2024-04-24,9583f6aa-b108-4a4f-8344-37e7b8b84396,ab9658c2-e404-4bc1-912a-c89dc462699c,1,42.55
e14ad7ea-69ce-47c7-8d60-1b3a9ec8be47,2024-04-17,3bf1316e-e4be-424c-b185-1c6b279af696,741e5d27-8de4-458b-a34e-8180f037243f,6,56.68
8e2ae2d7-b4bf-480d-b346-7308a4d110f0,2024-04-20,e9804465-1044-4bda-8e82-651c574abf8f,e6974e17-b17d-4d25-a1d2-170a1304aeb5,7,55.67
61787792-274c-4a79-ab3c-6b247d0e9e01,2024-04-09,44925ea4-a1e3-419b-8f02-5cdac114ff65,1f3867b3-eea7-4888-945a-6aeed441d201,5,89.42
836b7ce0-1f5a-48a9-80e8-c263c332a062,2024-04-12,d33f6a4b-2fc4-400e-a59b-0d9c40bc4314,862a1a5a-e868-479f-bb17-564a1ba04e64,9,65.6
17225065-1ec2-4a87-a816-eb48a460adc4,2024-02-07,8f0f33d4-5057-42e7-b756-6a5444dbf5aa,263070cf-84c2-49d7-8444-b569c6ed31c6,9,89.74
c8991ca2-9042-497d-bd10-fe23e3ede2ce,2024-05-11,7fb2c7b8-7522-46cf-afa5-2fbfd90e6594,c43c9e3d-3f2c-4ef3-8e6d-2f7e94b8d4f7,4,23.62
83a3905e-f12b-4bd8-9d85-a10daef6761f,2024-03-16,d01dcdb1-506b-4fc7-bcf2-439e4dfab820,7ae0b202-0257-4ef4-90f7-acc4e438339a,8,29.86
0a28d0a7-6e8b-4434-95f3-dc5d03380c8c,2024-03-20,5df48ee9-dfed-41cf-9cc7-9760058a97bc,5b717e0c-29f4-4d9d-8153-214416a10b54,1,38.88
184b4ecf-9940-41ff-8ade-0f85982039c7,2024-05-15,5aa1f25f-fca5-4d16-9211-7c852bcedc15,7924b980-f3a4-47c5-8c36-40c09fe3ce5a,8,96.88
f3940cdf-7da6-4f58-89e6-691b7b58240b,2024-03-14,72ce8b65-7b9b-477f-8fab-4cec6488f171,ff0d04ce-420c-4682-9e0c-d805f3cdc757,1,14.05
92bbae78-8ed3-4c70-a2a4-b36aedb7a03f,2024-01-21,804bc364-012c-4993-a810-1948e7f02fce,20ca62da-e150-4eb2-ae4e-44b3ffc6c1ba,8,73.29
3583b745-249a-4b62-a76e-dadbc9cf7efa,2024-04-07,d36663fc-137b-47ad-aef7-15981d0734cf,9e6480b2-5525-43f5-ac57-0de812ee3585,9,37.77
678c4a9d-f1bb-4af2-92b0-6790ddc670db,2024-01-26,15538267-f780-40eb-a803-101943d5c81b,dcf77871-c191-4af1-bf48-70f10ad94e01,6,25.87
cc3119e1-605f-41d2-9c31-bf3b119d25d9,2024-05-02,eebde645-8819-40c8-b9eb-2c016e5f041e,955a94e5-23ae-4134-828a-2fc97d48572f,7,16.85
fc29b3bc-1bea-4247-a9e4-b2af71e61ef9,2024-02-21,b3d90ab6-f1a2-4e17-8dde-b2ea9c7845aa,1baa3cda-40dc-41c8-8a24-4cd9d6026e6a,6,9.78
44b4d94e-595e-4ead-ab76-1f51785281d8,2024-01-25,585dada1-f0c5-45e3-832a-88bc61045643,829a09cc-2752-4805-b170-15cd6d234e2d,5,5.1
96f023a0-9ccb-455e-8905-db17c2b02fc9,2024-02-01,d7d33c23-6149-4682-b246-53e3a45a13aa,2ad95af1-bbcf-47c3-9621-dd0e5ab96f88,7,95.73
dd716d63-2f27-407d-8908-e228bfdc438f,2024-01-19,6665ae07-cbe9-4e8f-a25f-882236afb50e,67f02667-ccc7-4e61-825a-aa27109af8b6,5,68.25
cfed518a-a03f-4fc2-ad71-ba55f4c5d13e,2024-01-15,1b0e05ee-eeec-4e22-a4f0-cb2f0b3f35c9,b02f3510-c235-4bde-832d-16c3232b8b92,9,49.35
449fb133-eaef-4d35-9842-176afe99bada,2024-02-05,f4f6000f-331f-4a2f-bdff-55417ee78be2,1ef2bbec-0394-4755-8136-872d27ae8312,5,93.34
5f8b5ae7-f56d-4d28-8a7a-1eef89a82a52,2024-03-12,69241e4f-70f3-4d8f-9359-e922eb203c05,26349092-a418-4a75-879b-b5c214666b4f,1,68.53
46e71255-27f5-4c2b-8439-856c6343d490,2024-05-29,6614ea75-507d-4cda-88d5-cc86a489c5dd,96f14b42-0c66-4a7f-b12d-206556880ddc,8,71.42
11f4e5ee-e0c3-4c75-986c-5e21abc89472,2024-03-25,7323ab31-9ef8-4955-a488-991100c96136,547cd68d-a305-4515-aa6c-ac77c0220fcd,7,81.79
3cad0bac-6bba-458a-8790-c594032c510a,2024-05-10,4f8d1954-f652-46f9-9046-b3d79bf7d2be,95051a10-ca63-49a8-85fa-b27132542633,3,99.33
2bc9aad8-1c34-4651-b5c7-eea89be0115a,2024-06-01,c55eb34f-e66b-4187-8e4b-a6d8ac8092e2,bbed61f5-6d1e-43f1-9093-c2ae5d007542,6,57.52
a2d2a97e-901a-4f02-8e02-3715b1d81f26,2024-05-23,4386cec2-28fd-478c-a9a8-52165dd7aedf,5f6b60a1-4a96-41df-b55f-7cb1db7af4cc,8,68.44
a3650e6c-3d42-4aee-b389-8c7e5caea19e,2024-06-12,1f9d8a2e-64c6-4704-a714-0f129e571b46,82acc65c-edf2-47d3-a612-f0807c9b7638,1,22.7
a1e8041b-0ff1-471f-b25a-c63a3e5c808b,2024-04-11,fca331b3-0f86-45d6-8baa-9a3761a82ce4,4c372632-b60f-48da-b9b8-b90f066fd830,5,9.78
0596c86b-a66a-4b4d-a00f-d8cb184b40c3,2024-02-08,67fbf721-1b7a-404f-ac43-0184d90d154b,261e3b8f-63d3-4e16-aa83-ab765e639666,2,69.27
b7cc52fd-ab00-4fd8-af3b-ef85cd3d26b8,2024-04-26,13b580a3-3015-4121-ba4f-247936990022,6950349b-2698-418f-af54-9eb6b359168f,9,93.89
56c67cb9-b361-42c3-b2c7-bff0ae574fc5,2024-01-26,6e044ffe-60ac-43d6-af92-fb33d7b3f397,37d72b3c-6c9f-461d-87dc-9712f494ba1f,4,67.67
316fd2f4-b126-468b-962b-c696f549fdf0,2024-06-10,13c713e0-7d72-4d68-8965-23812ec52c36,b086a731-70fb-464c-a2f4-cdc6a35ff528,7,10.72
b3c114a5-cbf5-48b2-9b71-245f93d2e5e5,2024-02-26,a9ccb864-230e-4f9a-bc21-8558eb2ec438,86f623f7-bf4b-4d5e-8f2b-acf96f64f3f5,5,54.22
b1e03b80-f814-4241-ab4b-76a3e5f07cda,2024-01-24,127485d1-5756-41bd-bcf3-050c58b67733,f5291f0b-4186-46eb-bd9c-7040413058e9,7,42.59
4fa5e4c0-8710-456b-b0ea-a8b5140458f7,2024-01-02,a5fe2d2c-1888-42c2-a519-09c62ca88992,aefd9209-0df2-454e-87a6-acdbd1d1bf0a,3,88.16
090c01ab-4242-479a-a881-b7c149eaeae5,2024-04-07,bf96f008-d6a6-4290-addb-62eed4e8adcd,66c9aa36-4198-4988-ad0d-1a7947b11658,9,85.77
74a9a0dd-9986-45fe-bee4-8a5baaef0ed7,2024-01-23,4f0e84fb-fee1-4fe1-b66e-da0011351448,1b9e51a1-06b3-44e8-a5dd-bcbd7432a235,1,17.71
4b1034bd-cf49-44df-b200-7860c7f9787e,2024-06-11,759c968b-977d-4dfa-9642-9a77ab4c0fce,3fdb0993-2ba3-4f53-80c7-32d83e166fae,3,35.76
63cdc41c-3e86-4ddc-9fcd-8973bead09eb,2024-01-19,aa025fe3-985e-4e81-8163-15633c10e9af,9ca8436c-92d3-4cf9-b04a-1fd633239fa5,2,60.16
63420180-fd77-4650-8a5e-e4c21208168e,2024-03-29,a029f3fe-f403-4368-8601-2ce25b71e428,48dbb777-a8c0-4627-af09-c94e21582e62,7,49.43
