AccessID,Date,UserID,PageVisited
83e11d03-f64b-4ce6-890b-0ecb8774b7bf,2024-06-02,682c01a2-c122-4426-a167-e9f858934d21,explore/explore
70161e7d-2bb5-4a97-afb3-b352e36d73dd,2024-05-05,49f0fa93-8b33-4a30-a9fe-fc1ef7b37db4,tag/main/explore
2a988c88-3243-4ed5-80ce-586faadc152b,2024-06-08,acb1fd69-24cd-4519-becc-40c70c7bb09c,list/category
1b0aff0c-9006-4ead-8c87-2eca51b7a4b5,2024-01-10,909adc5e-6867-4999-aa3e-958be6e653b3,wp-content/tag
f167c5df-c800-461c-bdc4-c715ed24f8ba,2024-03-03,3ea728d8-cb1a-4824-923f-a8c6fed9a063,posts
ef7b6320-031b-4dc5-884c-b5f66793f610,2024-05-01,4317faba-ea10-4dd4-8a8a-d3b5d1e99691,explore/tag/category
89de7a3a-9954-492b-918c-c869c6bebe8e,2024-06-15,f7da9144-d43f-4ede-8185-426be00a612f,tags/tags
9559c670-b38b-4447-92d1-7399bf6024f8,2024-05-01,fca2752b-00f5-4eb3-b0dd-a47e05d5301e,posts/tag
fe840eee-1595-4129-9077-9c3760189a80,2024-03-09,d1b0527c-400e-4d10-956f-50d82a783123,blog
80d1d978-ce56-4388-ba4e-bae825cadc8a,2024-03-24,53420ae2-e296-4a5d-a1b5-29b0b1aabf3e,posts/posts/category
b7111b71-c445-461a-a92e-85f739303efd,2024-04-13,40e9a3e5-bae1-473f-af41-421794372377,app
55f977c3-1fbd-4cdf-902a-2e591a5b9df0,2024-04-29,fc45c205-8189-49e5-a83c-fcea68a3209b,app/wp-content
ab4cf834-beb2-44db-9b8b-d9ddb0acf409,2024-02-04,e7dc6c31-1d5f-4187-9e32-83a3c8285f91,main/category
14bad6d8-8dee-4ff2-be0a-4115e6549def,2024-04-26,72bc492e-7686-4fac-a8d4-22e0045073ab,category/category/main
c57bb890-23d9-4263-9e4d-d28389240cfe,2024-01-14,2b4d0673-e112-4538-94f9-5fffad11fe63,tags
8cfb6333-5a9e-452b-8e8f-05a77c25e84e,2024-05-04,49642548-1bf2-4fec-a383-f49922996339,posts/tags
2f17956c-a199-4827-b641-8d8c0f0b2a5e,2024-04-20,e66fb3b1-39c5-4c60-b581-4ca9fa29396a,main/app
83cc48d0-a178-4834-a3f8-a1437255914c,2024-03-24,53eab369-6596-49f1-b426-089c745382ff,categories
9bb39259-8047-4c84-b9ae-906e01d434e1,2024-04-19,40092ee2-2cd2-4ddd-a91a-00e5b2e71579,category/app
c6041afa-8801-4574-85a6-001fe4736ee4,2024-04-26,063d5846-bea2-4ed2-8c73-76a9b26c91fd,explore/list/categories
413c5198-aa50-4cb7-8c92-c7d0cbd173f9,2024-02-17,469d35dd-75cc-487a-bf3b-f32b96366470,explore
2af5af7e-f622-496a-a893-4aeed8429351,2024-04-27,bc4ce8af-2a24-49f9-82af-5dc1dfaae630,search/list
3874a08a-b17c-496e-ba7c-2312c751b672,2024-05-13,0e85c087-ff5d-4c0f-af21-ddedd44e150b,app
b00e62fd-a324-48b0-8236-d29808753328,2024-05-28,09754e70-b92e-4868-b042-69328bf724fd,list/blog
066018d4-3812-4672-a94f-1049afeaae08,2024-04-14,b09dbc13-036b-4587-86c8-5b2dbdadbbc2,category/app/list
e955b17d-9397-4107-9ff0-34727192fb74,2024-06-11,0e4cc596-8007-4854-a3de-a209b470b689,list/main
ac60c82b-5e93-4ff8-ba46-3e2caf237205,2024-03-20,618ac894-83d6-4b2b-932b-e616b64efeca,tag
aa0425d8-8b97-4147-b724-ac2b2046d789,2024-03-19,15777a1d-fd2a-4895-972f-9ac755f852aa,posts/wp-content
3312ce35-28e2-42a2-9df6-3f1a9004079d,2024-05-18,2461f026-b81f-4233-bb24-d2c3d67a17e9,search
0e37be8a-a55c-43ad-9373-bb3659f22a21,2024-06-11,6d46b8ec-9373-4e54-96c2-7aa43069a5f8,blog/explore
45e94caa-ca77-4190-beae-d428225e9879,2024-03-06,72a68a22-6dd0-4905-a7f1-10e93b4f50fe,search/tag/search
869a74ed-28e8-452b-8b47-6f9e2734256a,2024-01-11,3fcfca27-1e17-4ce1-b864-42989df766c6,blog/category/categories
823729de-c3d1-4dbd-a298-62e5367c776c,2024-01-08,e19d76a8-6d8d-4aeb-a5ae-43832b832362,posts/category/app
21e9a522-93d0-4a34-bce4-3e4c5dc48a4a,2024-05-28,e7a50220-f2f6-4359-a74f-0a222f18a544,category/wp-content
e537b7d9-6169-4b47-908f-2383e5c0430f,2024-06-13,e4192e33-c663-40d0-a571-776261c871ca,search/wp-content/posts
957564d4-112a-4bc4-aaf2-40e533351be4,2024-01-23,c5f793bb-44ac-4e68-bc32-763afedf3383,list/app
4f80d518-6494-4697-a18b-fdce03a6cb3d,2024-04-02,1cf9152a-ec9c-4b1f-b423-b6ddd0cb7434,search
5b57b884-9a25-46ce-ac82-8105838279fc,2024-04-12,93a4503d-bac0-494c-94d9-8274769f3050,main
c663bbd8-da96-4dc6-bf15-62ecbc88a713,2024-04-12,c3dec04d-f22a-4b54-b9d7-552f5e741bdc,list
0a49ca14-b01d-463a-a454-a81a3a870ebc,2024-03-16,96618021-dfb6-48f4-a23c-a38d4c867305,search
f370fb64-138e-41b9-97a1-7d25ec7b7632,2024-01-21,11938264-c1e8-4363-a9cf-c224d03de091,main/wp-content/wp-content
6a80e566-cbb8-43a8-aa12-48a54582e856,2024-04-20,fac5970b-6ab4-4661-9965-e7853b590a6a,blog/blog/posts
c7d8f512-9b6d-4da0-864c-9d63f45a4412,2024-03-18,740dd622-85f2-4db7-b1b6-8e7a2338cad2,posts
fceacca7-445f-4ac1-bca2-328042e83f6e,2024-06-12,e8bb47b1-3b31-470f-a96f-e98a6093b6e6,explore/categories
aeb2c2b0-ca7d-4aff-8140-cd7bb84c8a8d,2024-05-10,381f623b-ad00-4c4f-9559-014e5d05f32a,blog
7f7bb4d2-7ad1-4af7-896c-7b2bf0c1a23c,2024-03-08,88d75453-86ef-48cb-a354-7b7837b0da54,list/categories/category
5ec1516c-d496-47f7-9e4b-09ace589bf75,2024-04-18,283b5c0f-0275-4fe2-81ce-c6cc267cde02,wp-content
4991bf3d-6b4d-45d9-9934-3e4148a8b2c5,2024-05-29,1d1c87cc-ea92-48fe-8810-f351c7ddb21e,wp-content/tag/search
94607e0d-d772-4495-bc8a-aa7be90d736f,2024-02-21,273d6b74-667c-4370-86d6-6cdebe4c2bd4,blog/tag
80073f15-a401-4fbb-95ee-b0f1a044af26,2024-02-20,93c8898c-a4bc-4ea4-8f84-eba26eba8268,search
1aeb5fc1-7b39-428e-87a1-05fd1966e9a0,2024-02-27,d0e28458-3f65-4396-9a7e-e9c2262b4391,posts/tag/list
1750090c-73c9-419e-8eb2-628ac1b3d8ec,2024-06-10,6d2890ae-e74f-4c44-80e9-ef67087a7ac0,app/blog/category
e500907a-c903-40d3-bac0-d072310a6be8,2024-02-09,000d7c68-b564-4241-966c-0d15f2db3efa,category
112114c8-293b-4abc-a13c-4d670ae5bc64,2024-01-23,33430af1-7640-4918-8f3e-da7d48f99c4e,app
89890411-cf9f-4bd2-8a4d-5a639d003a5d,2024-03-01,28495e8d-465c-49be-a178-b8a8f3879e02,categories/blog
42adea10-698b-4da5-851f-2074745a3851,2024-04-07,bb82f31b-fc0f-4882-8675-d257c8f1f591,wp-content
60f02e33-387f-4b5b-87c7-d88a4475b0e7,2024-03-07,dc5f477b-617c-419d-b4ec-37923d06db95,categories/explore
380f9f8f-4160-4b7e-ab95-ec17a4d061e7,2024-04-10,0c353786-f3cb-42c7-8c8d-1e848fdf4e78,blog/search
81f60311-3506-49b8-bcca-5599738e8187,2024-05-21,1f8f0806-2b49-4aee-92c9-459b230abdec,posts
216c612e-58fa-4fb0-87ad-a325a2388f65,2024-01-13,388889b4-7413-4551-a095-ccb2548a3c5f,explore/tags
650044c4-3d96-417e-bc87-e9ee30c56a32,2024-05-09,bf3b0fcc-a02c-4412-a22a-9ee6a3fd9196,blog
5bee828f-244b-4c44-99b4-f3b1a27aac90,2024-02-12,49ba27f1-5ad3-4771-be23-3668be245723,list/app/categories
ebf1527d-5415-4816-a1a4-2b13d255014c,2024-03-03,6c99b92d-8034-4fdd-acad-76acfea5e0d4,main
6d25a343-5f1c-40a7-85da-55f29dfb0a49,2024-01-02,2e98997e-449d-484f-8812-8c3c56e3544c,categories/list
df9d4a2d-f61d-47d1-8724-d9bf9c315fc8,2024-02-26,fc88ed02-85a5-4779-9ad6-188414e4fc7f,tag/posts/main
c734b931-70c0-45af-83a6-27533ce2af20,2024-04-29,af0bc74b-6a11-4f3f-9f6a-ee5433d73724,explore/posts/list
81b5ef49-b373-4dae-83ee-fd1589fc2735,2024-01-20,157e6e8e-2027-4739-8764-84ca860f8e11,category/wp-content/explore
a438f676-e84c-4f4a-846c-69b81207bf1e,2024-04-08,4e0ed6e7-e18e-4f8f-b71f-4a6478c2845d,main/tags/tag
1be980f6-290e-429b-a1ff-236bb00166da,2024-01-29,437e3da9-90fb-4bc4-b8ef-e8413d4453d3,tag/category
a693d146-c6b5-4dde-81df-bcac30616a8a,2024-05-09,a0b677e4-8e97-4d79-b8b3-917aaf750185,search/search/tag
4f93704a-484d-4d27-a184-27b43e354d6d,2024-02-14,c6e5969d-ae04-4667-86b9-e9a5c92f31e6,tags/app
d29f754f-c2cc-4400-91a8-63f1c66493e0,2024-02-25,eeb94ce8-f96c-42b0-8087-8271cc1e21e2,main
bda02631-3672-47a5-b03f-cedf7d363e71,2024-04-13,36d7bc6a-4ead-4f43-8c1d-63a2770f41e3,explore/list/categories
ef3be7f7-b633-4d5e-a78c-e389546a67d6,2024-04-01,a217778c-d3a1-4e6a-b6a4-52b8ca48d4f4,list/posts
6b399245-dd68-4daa-a17e-2909cdc65db7,2024-05-08,f4acfab9-ef63-41f6-a6ad-667a394f5da6,category
74626b76-1c70-4cd0-8be6-ab70535882a6,2024-03-09,6bd46123-3b3c-45f2-b444-b1eddd5283d2,posts/tags
8222fd01-3dcb-41c8-a734-7e9105ca2d65,2024-03-15,0b73251e-e839-4915-8974-e617024aa073,blog/list/category
1c8c47ce-6959-474f-80ef-f2c39b081e68,2024-06-05,557502ad-1b48-4c4a-b78b-d37ec9b5a672,categories/tag/explore
6af41a8a-8b83-4a88-9b0f-ff7fe039ad06,2024-02-06,65afe3b4-2b4a-4bd0-a9d0-ca54e7c102d0,wp-content/category/tags
52ed4bc4-5052-4305-99de-9f75477f3e0d,2024-06-03,8f39a4da-1d7d-49b4-a917-508a18da5c24,tag
2baf0b30-b985-43d4-9b6b-774511433707,2024-04-11,4b9f54cc-dd6a-49e8-b1e1-983739333a76,wp-content/list/app
615493c0-27a3-42ac-80e4-1057e49eb283,2024-03-23,736b3895-157a-41df-80fc-151b8994fb66,search/list/tag
aa3eca2e-905c-4db2-895b-4c21a723fd39,2024-01-21,10b5fba2-4890-4537-8a3e-a9242a515b5b,category/list
d150e380-8ae8-46dc-b552-0140687b745d,2024-04-11,c44bad11-6faf-4327-95ad-4de2fbb7d594,tag/explore
8534ea0f-0acf-4648-9f62-2afbbb58b8c6,2024-03-19,fb496610-3464-4ede-acdc-5490bad0e5f7,blog/main/blog
5c16dcf4-7da5-4e2f-bd63-596289d01ab3,2024-05-16,e8443a81-cf95-4465-8de8-5d4a2a4871a8,posts/app/explore
73a0d7cf-b8f1-42fc-837c-d6833cc55837,2024-01-15,02dd47e5-1b7a-40be-a732-98e23064c50b,search
8641ba9e-5080-41f3-ab4a-e7877baa4cdb,2024-01-31,2de51c9b-0801-499c-b446-76d374d5de81,main/tag
9f6790ac-4a3f-4a32-a21c-fac73096de56,2024-06-13,113fe891-9d8f-46bc-aa20-792da46135b9,category/tag/search
60a39fd6-f128-4ead-8a3c-8b5e4324b8f2,2024-01-20,2111d2cb-2883-4498-83d8-546a2f32ab06,list/posts/posts
f1f6dfce-4e97-40ca-881f-b53b1303784a,2024-02-24,9ecc7179-feb9-48e6-8164-8d882faff171,wp-content
d2b0e0c8-4f0f-4ecb-9610-371853003928,2024-04-04,4e4202a7-eb1b-450a-be6b-3b9d1ffd4a29,search/tag
447d040c-8ca9-4304-a142-07d01126d958,2024-05-22,e4307341-98f1-427a-87ec-ea134a12e090,category
d643b2a5-2110-4f21-a990-f58659ea5cb6,2024-04-15,c619d5fd-999d-43b7-ab83-c284cbbc38fc,blog
4093c1be-a62b-4c74-9f4e-00134776c378,2024-03-26,ea1f85ad-ab6b-4e87-8103-f7cb2b5d188a,app/tags/list
a914056c-ea8d-4e9c-a22e-30f57b72d2c3,2024-02-25,e257004f-70b8-433a-9a51-af5bb5b3b5f1,search/category
6b5e80f9-8285-4b47-9ea5-688326375c93,2024-02-15,734a0206-845d-4075-b5ad-77c184c3a6d3,search/categories
bc6afd89-ebf0-49dc-b1a3-9e4c3c59c3a1,2024-03-26,a0ce7444-f574-44b0-9fc7-00d500e429ee,wp-content/wp-content
4b90ddf6-1537-4223-8fe4-157d49a8688c,2024-02-15,cc467657-3a36-43e7-abb6-e6632a7e6582,tag
2f13cf91-eb75-49f1-965c-4e2f907c7088,2024-03-24,19392a37-b0d8-4e8e-8e7b-61cfd824d23d,tag
73ad6cd4-1749-4782-848c-ec3535f8deca,2024-02-08,0fdead15-01ea-4322-b380-c536f08a44fc,tags
9528077a-7bb5-4e35-a0c2-d0a14da96d46,2024-04-29,96a93926-c29c-4549-9f46-ff4412c263aa,app/tags
f9fa22d7-a0b4-43a9-8319-3a5201ba6c6b,2024-02-18,24b9b303-dc32-4a38-8d0b-a240f7c042f0,list
7ad13b20-ed00-45fb-8ed8-662e41f214c4,2024-01-31,d1316e4b-5a5f-4004-bbfb-ed0299fd46da,blog/explore/list
6ff91a5a-5e78-4a90-b6d7-bb7a2385a323,2024-05-07,a8146535-9385-489f-bcbe-7e2d118039ba,wp-content/search
ab1264a3-99d7-44e0-b8e4-1247533750f5,2024-04-13,f3cab837-7829-4ce2-becc-692bbddd8e27,search
9844e29e-18c2-42c5-854e-29d5c5df5c2c,2024-01-23,5ec735f8-d85d-4254-b2ea-b5dd986e8bc5,app/wp-content/app
55c0ff0b-8bcf-44af-ad04-babcd054e609,2024-05-27,91b7c2b4-5413-40f8-b5a4-6f56c4a44e70,list/wp-content
5356471d-e80c-4093-a3d8-65c718a936f9,2024-01-29,51fc7912-22b3-4e51-bea4-f640fb62cb12,main/explore/explore
8dde9f60-a6c4-4d81-b7ec-a61067578f1f,2024-01-12,4017591a-eee5-4a9a-b6fd-149da7b537ae,list/search/categories
af688ca8-dc2a-4160-bda4-deb5921f2a4b,2024-02-05,6d657d0e-f99f-4131-97af-99048cbcb6c9,posts/search/app
7ebf2dcb-88cb-47e0-b2ee-82b2ce2db1fb,2024-04-11,f23c237d-97f2-4996-9912-45f412f7389e,explore/blog/categories
cfd1dc00-15fa-40be-aeec-dcfc9d971847,2024-02-10,ba055b08-de98-4c9e-bee9-28b747b83447,search/blog/blog
dd1583b6-95e9-4a4c-8cd5-7b92232c38c3,2024-05-04,6dc02a77-ff07-4457-b551-c08ba51433e5,posts
b95a03ed-7f79-428b-947a-e3d3830f7a81,2024-04-05,4c0758d1-afc4-473a-9bd4-c7bb8015530a,category
b43c51a2-9c4e-41c5-8c5a-17e4f7a15d2a,2024-03-08,3cce1923-8f2e-42de-b188-c5761125814c,wp-content
cbb54b3d-b559-472d-ab19-78179caec019,2024-04-05,9fdfe92b-5b1f-40a5-bbba-9e6bd693f6c7,app
12e94a12-00f3-4016-9ed9-cae37343d650,2024-03-24,4934f475-6bb0-43c0-a37a-abde78fccd10,categories
41d25e44-8602-4044-8596-093e8d3db54b,2024-05-30,53420080-0918-44a7-9dbb-31fd3667d909,categories/list/wp-content
124dddf9-da14-4583-83ba-db0cef1e0080,2024-04-15,cd63d8a3-bb3b-4a35-aa2e-7a425e9e6481,list/blog
08f8e81c-af58-49d9-8113-8c00e72be421,2024-05-17,d76ba3e5-40d5-4356-bb20-655923fa0a02,search/wp-content
b15284f6-f468-45b1-8961-b47766d3355f,2024-04-17,56fee10a-4795-4bd4-838b-be1e4bba025a,wp-content/category/posts
b1c21dfa-63be-4db7-9f6a-e97d22de670d,2024-02-09,b33b582f-28ba-4025-a201-b07deff62c89,search
5a5aeeb7-4ecc-4194-a252-ed4fb007d4d3,2024-03-16,041fb10d-2e59-4394-b71e-99a905471d91,explore/category/explore
c26e35f3-5f42-4d75-a930-b6e5d19c75ce,2024-05-04,6c787c13-bfe9-4ac6-b66a-30b218e299f9,wp-content/explore
d72db130-8ae4-44f6-b049-de5edc2d1dd9,2024-06-13,bd81c005-8421-498a-b0a1-9a735a12b49d,wp-content/blog/categories
8ae9ce6e-0f0c-434d-9e22-6f9d6b9168b9,2024-03-30,efc563f4-2243-4218-88c2-9f0c579d0241,app
3da23532-42e2-431a-b25b-9f558aa519cf,2024-02-19,1359bc4f-c114-409a-8aa8-1337faa2988b,category
7658909f-a0e7-47a0-b1d0-c5f6f4cd3e69,2024-06-13,b78cc88d-5e09-4616-bfe1-1b696483bdba,search/categories
5c191bb8-d46f-4973-9dd0-6eda2d356c86,2024-03-24,b071bed6-c009-4935-ae6d-3a028f847c8e,list/categories/posts
b6fffcf3-e4f4-40c5-ba2e-ceabdaf75416,2024-04-04,6a8424ff-259d-4532-96a2-45e10ac3594e,tags/search
cb96cc80-e53c-4287-84b4-1b31ef703dff,2024-05-27,fefd40e2-adb4-43c2-8963-f189de6eb614,list/categories/tags
9a4b307c-1278-4c5a-b928-da19a304c98a,2024-01-16,99964d7d-2a70-41ba-99f1-dec5f7b03c61,blog
cf817278-51ea-4615-8e1f-ffa2528761f0,2024-02-22,a3751ed8-8e0b-4e95-a5f6-cb0882387fef,categories/categories/posts
2c3ea807-af90-4c08-84dc-bd17f67cd893,2024-04-13,3eab9ef5-9c26-4465-9b1e-f51d2c6fa80d,posts/explore/categories
d6f3854c-75be-472c-9405-e8f1360564d1,2024-05-04,43d8e5d3-c24d-4e9b-acf6-2b9d6b9d3c1b,search
ce09e960-d955-4589-b1a0-0baaf2e23687,2024-03-04,55ccdae5-49a8-456f-9b19-c4b4d517fbdc,posts/main
fd3fbdb9-4065-4c6e-8820-442e3407e755,2024-05-20,c061027d-296c-4637-bd44-8e1c2a02eb56,category/category/posts
b10aded6-1ea6-43f3-a6ac-7e7e90c57573,2024-04-20,88fd3c90-79bd-40d9-9e21-bce45b7f2eff,main/categories/list
bab093dc-98fd-4098-bbc8-d994df0ab37e,2024-01-02,8ecd10bb-262e-47e8-9247-78f863071fe5,categories/categories/categories
dd789db3-21a4-441d-9d75-abd7865b75b8,2024-02-09,64a65838-3d73-4250-afc5-874f0b55abe2,wp-content/posts
57481571-2f64-4783-a2af-915430ed9c1a,2024-05-24,93fc531e-d260-4f36-8560-f709eaef8fee,main/list
da78fcd8-9641-4db4-a501-05a3d6a2b9ff,2024-06-05,f6d2d239-dc32-4c5e-a12c-f85b085f6497,posts/wp-content/category
86dab972-1a84-4807-968c-2b76dddd91c2,2024-04-18,39a7392a-2ecd-4f51-817c-6dc08dbac4b4,main/app
25d4d234-74ef-4bef-b6a4-cf2325bb667e,2024-01-24,1019d168-dcd4-4a84-bed8-93477da10878,category
4fb77b0f-116c-499e-bd8d-2fce171ef1f0,2024-02-15,0cf82d94-f8d0-47fb-bae7-6e09f26427ad,app/categories/app
1ffa4197-c821-420c-93ad-01390bbe5af3,2024-02-01,088806ce-cb47-4fab-8690-c63c9905c5e4,explore
0497afef-f9a5-4b77-b2a4-153a12039af9,2024-05-22,f48ddb86-4665-45d1-bb1c-7e2aaa6ae693,categories/blog/wp-content
ce8959c7-f125-4b26-99fe-f09ec12bbfe6,2024-05-17,ac0a9bb6-9cac-45ad-84a8-ccdcd6ea9c39,app
a1189cfe-2a31-4b2a-a6c8-781489f61346,2024-06-13,224cb8f6-cc90-4645-816c-61939c4332b9,list/tag
3513ca04-4685-4bf9-a7a0-a30273c09513,2024-05-19,ef71bffb-cad5-4fcb-809a-933f9258b66c,explore/categories
137d7bb1-9d03-4b4e-bff9-3d625d7cb2ad,2024-03-20,348aebea-a9df-4b97-b997-e4081ff6d928,tag
edba266f-8634-4299-90cf-0e4f1627f96c,2024-03-07,8d5e2e33-ef48-44fc-9fed-7fe9320af07c,categories/wp-content
a11477c8-3ca2-426f-83ab-c5f020bfcc12,2024-01-10,8e47b6ff-c19a-4f59-8c65-304d1c28a48b,category
bedd0ff9-0b59-44a4-adc4-d2c1959fc7eb,2024-01-16,8ddc2b79-d8a1-47d9-93f6-d692539ce77c,tag/app
7439cf61-9dc1-4fd7-b1ed-f8ccc557ab5c,2024-01-01,87ee090d-f88d-4c9a-9239-035c70658f10,main
261d3e30-4c85-4549-845a-aac99cec27ce,2024-05-18,d4cff9c1-e092-4480-97a0-4ce717cf1a7b,category/blog
0967d3f2-c722-4ccb-98ef-50d605822da9,2024-04-24,f82fe050-f975-4d08-82dc-a29106df8311,explore
036255f8-0505-49e6-ac3d-63b5233ae971,2024-02-02,c96178dd-604f-4bb4-91a0-6f13aa3fb8a0,main/search/main
1a343f0c-50bc-45e1-a134-879f042f00e3,2024-01-08,4d96e96a-02d5-4fed-9781-31144a204841,posts/explore
35c32c48-c236-4d13-820d-e93678012eaa,2024-03-16,c6a3108e-d161-44ee-a200-63e2f15e39cf,main/wp-content
94da4ede-3a34-4b9f-b40f-a64ce36759ed,2024-05-17,fb5bda50-5878-41d1-9c99-3cf0d789b4e2,blog
69653a92-58e9-4072-be02-1f2a1dc7a8c3,2024-01-18,aad4671e-bd66-440c-8c1f-d50e805edf0a,list/explore
c89655b3-c006-49d4-b623-21262d2fc11b,2024-02-23,b9bf01a8-b154-4bdd-b9f3-f1b12d21bb02,main/tag
37c82bdd-f244-4ac4-8b04-1fbb1edd5adf,2024-04-07,8912cb24-6373-490d-88d2-5581787c6368,tags/posts
25e38baa-f105-422f-8fa2-b4368c0b20ce,2024-05-19,a562a8a6-af9b-4512-adeb-a5b290530853,search/categories/tag
24d993c9-087b-4813-b09e-0b5210e4b50c,2024-05-22,d994e753-3db9-4f17-96de-81971026e808,tags/wp-content/app
3a963d0d-e036-4628-834d-ea689a6fceae,2024-03-22,200a9365-3f70-4201-ac97-e43980a0eef5,wp-content/categories
404eb4c5-8adf-4529-a05d-cdbe47cc1da5,2024-02-24,6072dc63-7cbb-4bbf-96e1-66ba0565c477,main/main
814edf89-57de-4b31-8c9f-90e342891027,2024-04-01,396a42e0-e663-4691-8dc5-0546a0a41e0e,app/posts/blog
70e31950-6fe4-4f24-9d1a-f87ab4583670,2024-05-03,03b956a7-c2c3-4aae-8f8e-ae82e61f6978,search/wp-content
089b932a-b8ae-42d6-9230-ec56b6b46162,2024-05-05,aa9e811b-d1a9-4072-8783-35a31cbb241c,explore/wp-content/explore
ca8a473c-ccaa-4dda-a21d-5378d4c83987,2024-01-20,8470754a-1e13-4c01-8cf8-e763a47038ac,category/list
7a94eb6f-b88e-4e6b-821a-67017ee26cf7,2024-01-17,bda2c5ee-a071-4480-96e6-0bd8f804f10e,app
84a860d2-45b5-48df-867f-22bf6cbd9038,2024-01-14,993af5ed-be0a-4eca-8eee-1cea72826f78,tag
abf7d07c-c78e-46ae-ac07-ec7f00884d42,2024-04-16,b93020d4-43f1-4d41-bd85-bdbd9fa013a8,search
fbb2c1e7-9ba6-4aa8-8b7c-320815e14ca9,2024-02-29,997ced87-e861-4f5e-bded-5144c8b7709f,app
e32abe72-8655-4cdf-b006-e1b6cc2dd2e3,2024-06-04,438ec112-bf48-4733-aad3-7c6fb33a4423,category/explore
d9f9ac1e-a727-43e0-99c2-4803f374cd74,2024-02-23,851a607b-22c5-4417-9c2f-38d6f2adb54c,blog
0d2ec5e0-2622-42fd-9697-01c8b54b6af6,2024-03-23,8d91fdb0-0a1d-4c79-9d7a-4bcde66f2e3e,categories/category
93e952db-6761-4c5f-b3a5-8a3ce13b4418,2024-05-13,e3ddafbc-dd7c-424f-9679-2a726205a460,posts/app/search
db9034d9-81e6-4885-9fe6-826441b1c482,2024-01-11,6f99a413-e87f-4f50-bf55-6383dac5862f,blog/tags
b4a381f0-a979-43fc-8d8d-314b9958144d,2024-03-08,0544401d-3f16-4012-92aa-110ec62e96f7,search
c205aa60-f0f5-4305-9d90-63f2a67794b0,2024-04-23,47429b08-c3ec-475e-a11b-74e1f261e26b,blog
f63cc0f2-68bf-4d4d-b2ea-da9cf4ec4642,2024-01-18,e372e57e-ef16-4243-b333-ca409cd79564,category
f6c32b8c-5bb8-44a4-8980-894d082cb1b5,2024-01-29,2f3f07bf-173d-4976-bdad-3ef2b31f6adc,tags/posts
a9918215-3f54-4cca-9ff5-e353bec2a656,2024-04-15,0e5b613c-1be2-4fb7-a6d5-ddfaf215319f,app
64383e94-b6ed-43db-ad31-9c35ced1e9ba,2024-03-02,b65d5859-0ce6-4a8d-b482-208ed6a253e1,search
8407375e-e05b-461a-9869-267fa4b22ed1,2024-02-28,bf6e5997-7fdf-4344-8dcd-06513816c8a0,categories/tag/posts
18bfa6c8-3e99-4be4-a41d-83ea504785b8,2024-01-20,766dcf6f-a7f9-4a0b-8f0f-c35e1765e591,list/categories
7169cfcb-2f8d-4831-904b-32b3af7fe163,2024-01-22,4587396d-4ff3-466a-ac25-1bf33d197fac,tag/list
d9594fec-ac2b-4dcf-99d6-a7de8fbc43ea,2024-01-09,ffbe6dd9-1981-47dc-823a-0c83444f669b,search/blog/blog
bd2399b0-46a8-4b6f-a7ba-58f477deae98,2024-01-07,2620d963-2136-442b-ae17-3991dbff53bc,categories/posts
297d8853-8b83-4e23-a589-7614a85a7186,2024-01-15,a7b52b12-63a4-4d5c-a1e5-21827f8a83f8,posts/main/explore
b58c0c26-c3a4-473f-91ec-bd7d20a880d8,2024-01-07,26ad0899-f94a-48ea-9113-d30e267959fe,category/list/tag
0da46843-19fa-4460-8d9f-9f63eeff752d,2024-01-02,f3c32152-1056-416f-a3c8-6d889fca6cd6,explore/tag/tags
25f2b900-b204-4e2d-a3e6-707344bc9e26,2024-04-16,d5c43318-82ac-40a3-bfc6-445e5ad8567d,category
2753e477-0f7b-4750-b229-81ddc663590b,2024-01-09,ee4eeac8-0e05-4f84-911a-7e2cf37a2d8e,tag
ec7600e9-ecad-40fa-a91b-2228b5001b8e,2024-02-02,6dc49a10-99d0-4c45-8c63-8e1346d16e67,app/category/wp-content
c9a6e313-2107-4bc0-a606-a487a1e27a4f,2024-03-14,8bc7da97-d6e7-4472-865f-2baddc989fd7,explore/tags
